id,y
1,90.752784729
2,108.612770081
3,90.2653121948
4,89.9549865723
5,126.998535156
8,108.871620178
10,126.806129456
11,108.674598694
12,129.971221924
14,107.229011536
15,130.01625061
16,117.761520386
17,119.406204224
19,110.650672913
20,118.149047852
21,119.114585876
22,130.160903931
23,119.406204224
26,108.982719421
28,109.701133728
29,119.406204224
33,119.406204224
35,99.8518981934
41,109.098396301
42,98.2460098267
43,121.405387878
45,106.729438782
46,108.654090881
51,98.3592987061
53,80.9259490967
55,113.772583008
56,93.2040328979
57,103.532157898
58,95.6894073486
59,104.455421448
63,112.135177612
64,94.7318725586
65,104.366775513
69,94.5263137817
71,95.5740203857
72,103.943717957
73,94.4989471436
76,103.372512817
77,103.644187927
78,115.12121582
82,94.7134094238
83,104.366775513
84,94.2106399536
85,104.02155304
87,112.188423157
88,95.8452606201
89,112.546615601
91,93.975227356
93,94.538772583
94,104.017021179
95,93.8292388916
96,113.987480164
97,93.4418869019
98,112.418800354
99,94.2153549194
101,103.898696899
103,112.546615601
104,93.7032318115
105,112.235389709
110,95.0670318604
111,112.166908264
113,112.343666077
114,93.8168716431
115,112.045829773
117,112.546615601
120,94.6381835938
121,113.987480164
122,94.1414260864
123,112.586975098
126,112.373764038
132,112.676818848
135,104.05544281
137,104.103340149
138,94.7134094238
140,93.3918228149
142,111.297462463
144,112.473976135
148,93.0850906372
149,112.473976135
155,94.5862960815
156,112.255401611
157,93.4418869019
162,112.769264221
163,94.4990615845
167,94.3975753784
172,115.775932312
179,113.800643921
180,94.5790710449
181,111.719947815
182,95.0732116699
183,112.546615601
185,112.546615601
187,112.473976135
188,94.7134094238
189,94.2847366333
191,93.9723052979
192,111.641181946
193,94.6551742554
194,112.242614746
195,93.8720932007
196,112.447402954
198,96.9417572021
199,112.473976135
201,104.043769836
204,94.6582336426
205,104.043930054
206,94.3031997681
210,94.1663742065
211,103.898696899
216,112.473976135
219,115.657569885
220,93.9620666504
221,112.180213928
226,111.719947815
227,95.3983840942
228,112.473976135
230,112.342826843
231,93.4418869019
235,115.847259521
236,93.975227356
238,112.342826843
242,103.674911499
243,93.975227356
244,78.8420944214
245,111.987670898
247,113.802139282
248,93.3235244751
249,94.0530853271
250,112.644020081
251,93.975227356
253,115.847259521
254,93.9723052979
256,94.5714645386
257,93.5003204346
258,112.50769043
259,93.975227356
262,79.0574951172
266,93.7553787231
267,112.355613708
272,102.6849823
273,112.546615601
275,94.6865081787
276,112.797164917
279,94.5497131348
280,104.366775513
283,93.8264465332
285,112.473976135
288,112.546615601
289,94.1629638672
290,104.029701233
291,94.4948348999
292,112.193000793
293,112.233886719
296,93.8452072144
297,112.342826843
298,115.318099976
299,94.621887207
304,93.4413146973
305,95.8390731812
306,94.1932144165
307,111.628425598
311,108.642471313
313,111.528213501
314,93.6435928345
316,94.1429672241
324,94.2743453979
327,94.3511657715
329,94.011932373
330,112.251304626
337,105.003486633
338,94.4825973511
339,105.322280884
340,94.695526123
343,93.6647186279
345,115.611083984
346,93.4678115845
347,112.163879395
349,111.969192505
350,93.5867843628
352,112.251304626
353,92.93800354
354,78.7955780029
357,94.0970001221
358,112.45349884
362,112.400749207
364,118.024986267
365,103.920455933
366,94.5357437134
367,112.323944092
368,94.5730133057
370,78.0493240356
373,94.7784042358
377,93.8807830811
378,112.174583435
382,103.280990601
384,112.382453918
390,94.1068191528
392,112.382453918
393,111.764785767
395,94.8682556152
396,104.791091919
399,80.2566833496
406,111.528213501
408,111.528213501
409,94.1823272705
410,77.6552810669
412,112.030227661
413,93.1317901611
419,93.8255767822
420,112.363304138
421,92.7165603638
430,102.194190979
434,94.1932144165
436,94.6929321289
437,93.3554763794
438,93.6647186279
439,112.251304626
440,93.783493042
443,112.455093384
446,94.5667114258
448,93.9578475952
452,94.3089981079
453,103.483177185
457,103.400482178
458,94.1932144165
459,112.617866516
460,103.570602417
462,103.864997864
464,103.570602417
465,115.566047668
467,116.459793091
471,111.875183105
472,77.6243133545
473,95.0485839844
475,94.6489868164
480,94.3385009766
488,111.793533325
490,111.628425598
491,103.821243286
492,78.7215194702
493,94.1831436157
497,93.6292800903
498,112.251304626
499,94.2275390625
500,104.513092041
501,94.1932144165
502,112.492401123
506,79.5747451782
510,112.075386047
511,93.5568771362
512,93.9117202759
516,93.6303329468
518,93.7946395874
519,112.264091492
521,93.2529983521
522,113.845275879
526,112.237518311
529,94.0777053833
532,112.163879395
533,93.8602294922
536,112.869468689
537,103.068634033
539,94.5216751099
540,103.821243286
541,94.7041625977
543,94.1932144165
546,112.264091492
547,93.7975616455
548,78.4051895142
551,93.5446929932
552,103.570602417
556,103.639076233
557,94.8051147461
558,112.323944092
559,94.621887207
560,103.85319519
562,103.85219574
566,93.8910217285
570,112.251304626
571,93.3554763794
572,104.275253296
573,94.621887207
575,115.566047668
576,111.488777161
577,93.6366653442
579,92.9968948364
580,112.163879395
581,112.585296631
589,111.628425598
591,103.039596558
593,94.3363342285
594,103.424743652
595,94.3742446899
598,93.5587615967
602,112.20891571
604,112.282241821
606,109.077224731
608,94.3212814331
609,103.807174683
610,94.1380386353
616,111.552436829
617,94.6245956421
618,102.994560242
620,103.919174194
622,112.552848816
623,93.5204086304
624,151.098205566
626,112.251304626
628,112.382453918
629,94.024810791
630,112.251304626
637,94.8917236328
638,104.108726501
643,94.4541473389
645,94.3385009766
646,117.107971191
648,95.2382888794
652,93.8910217285
653,93.3554763794
654,112.251304626
656,111.867012024
657,94.7922363281
659,95.2443161011
660,103.819961548
663,93.8807830811
664,112.251304626
666,104.986236572
668,112.197113037
669,94.3325576782
671,94.6261901855
675,93.889831543
677,93.8285293579
678,111.896148682
679,104.523216248
682,94.2280044556
685,103.738098145
687,94.0977554321
688,94.1261291504
693,112.330322266
696,94.4426879883
698,94.2048110962
701,94.1573181152
704,103.574699402
705,115.757781982
709,112.49243927
710,94.0074462891
711,103.963668823
712,94.4300231934
714,112.528762817
715,93.7947387695
716,111.719947815
717,94.2923126221
720,115.702606201
721,93.9723052979
724,102.81452179
725,94.7134094238
726,112.170890808
728,112.406311035
731,93.64012146
734,104.010696411
738,93.9907684326
745,112.355613708
746,94.1034545898
751,79.170463562
754,94.1589508057
756,93.5876922607
758,93.4304962158
759,111.295593262
761,115.902435303
766,94.5399475098
767,112.573905945
768,93.6119308472
769,112.473976135
770,94.1009063721
771,78.813041687
772,104.088562012
773,93.7364273071
774,112.342826843
776,112.473976135
777,94.620513916
780,115.775932312
782,103.912765503
787,103.803627014
788,94.6131973267
792,93.2683486938
793,112.901908875
798,94.3520507812
800,93.7562408447
806,111.879074097
809,113.250434875
811,112.822509766
812,93.0884399414
814,115.816696167
816,103.535003662
817,94.8725357056
818,109.058052063
820,111.952438354
823,94.443862915
829,93.247543335
830,112.015892029
831,93.2589569092
834,112.459564209
839,94.5146102905
841,79.6268997192
844,104.057823181
845,94.3436508179
848,93.6919631958
850,99.3867263794
851,103.821250916
852,93.6529846191
854,93.9116516113
855,95.1863937378
856,103.968818665
859,103.248023987
861,112.501953125
864,94.2527160645
865,112.501953125
866,93.9303970337
867,95.1555786133
869,94.6443252563
871,93.547416687
872,111.879074097
882,103.952064514
883,94.443862915
885,94.6862106323
888,94.7175827026
893,111.879074097
901,112.031028748
903,104.071891785
904,94.685836792
905,103.952400208
910,94.5441131592
911,112.442642212
914,113.120117188
918,112.415809631
921,93.4274749756
928,94.3335800171
929,103.952400208
932,94.154045105
933,104.550697327
934,94.5441131592
935,112.414527893
937,78.3137588501
939,94.8725357056
940,103.5362854
941,94.5495605469
942,103.767059326
943,94.5783996582
944,103.821250916
947,111.879074097
949,112.391914368
951,112.321159363
952,94.7541732788
953,104.071891785
954,78.220123291
957,112.633102417
959,93.5820922852
960,116.563491821
963,115.816696167
965,111.879074097
967,103.245277405
971,94.5146102905
972,78.7933502197
973,94.1235351562
974,112.633102417
975,94.1584854126
978,119.695480347
980,112.501953125
981,94.5783996582
984,113.120117188
986,94.5441131592
988,93.7710571289
989,112.062484741
990,103.875328064
992,112.031028748
996,93.5509490967
999,112.633102417
1000,93.5318374634
1001,112.501953125
1002,93.3824386597
1003,112.633102417
1004,93.4826507568
1008,112.51473999
1009,93.6719055176
1010,104.925941467
1012,116.902610779
1013,94.5674285889
1014,112.475379944
1015,93.7618789673
1016,115.916908264
1019,93.6757354736
1020,112.501953125
1021,94.5441131592
1022,103.733825684
1024,94.5441131592
1025,78.5163497925
1027,94.6443252563
1028,104.02911377
1029,94.2888412476
1030,94.6552429199
1033,112.633102417
1036,94.4547119141
1037,112.394515991
1038,94.2074050903
1042,94.8725357056
1043,103.721038818
1044,94.3601531982
1045,112.633102417
1047,113.212097168
1050,94.3436508179
1051,111.879074097
1054,94.443862915
1056,94.5783996582
1057,94.3436508179
1059,94.8278121948
1062,101.779640198
1063,103.767059326
1064,94.5783996582
1066,93.8955535889
1070,104.129325867
1076,112.633102417
1077,103.029281616
1078,112.633102417
1080,112.525665283
1082,111.630760193
1083,94.60181427
1089,112.491172791
1091,94.7175827026
1093,94.6580734253
1097,94.7584762573
1099,94.1570968628
1101,94.5441131592
1103,94.1428756714
1104,112.501953125
1106,112.239402771
1109,94.1530761719
1110,112.446777344
1111,93.2598800659
1112,113.249336243
1114,94.443862915
1116,94.0217437744
1117,112.691360474
1120,93.7542114258
1124,112.501953125
1125,93.6405792236
1126,112.704147339
1134,112.459564209
1137,93.6105728149
1138,113.119285583
1144,111.823898315
1145,94.6248931885
1146,93.8624572754
1148,94.3294296265
1150,93.7992477417
1152,104.057823181
1153,93.9102020264
1154,104.158035278
1155,94.8725357056
1157,94.0388870239
1162,95.1290512085
1165,112.88961792
1166,93.7632217407
1167,104.090553284
1168,94.9008407593
1169,103.50453949
1171,116.262901306
1172,95.2571029663
1173,103.50453949
1174,94.6903076172
1176,95.3271408081
1177,104.077766418
1178,94.6041641235
1182,112.671043396
1186,94.845664978
1187,113.140625
1188,94.4687271118
1189,116.191574097
1191,105.055969238
1192,95.1290512085
1197,112.663818359
1198,93.6661834717
1200,79.1360092163
1201,94.8713378906
1203,95.3122787476
1209,116.213989258
1214,104.790733337
1218,112.451034546
1222,95.0958709717
1226,95.1603240967
1228,95.0121154785
1230,94.2767105103
1232,79.2767868042
1233,97.792755127
1236,113.320983887
1238,94.4327163696
1241,112.221191406
1244,104.775749207
1246,95.2116394043
1247,112.899246216
1250,112.563987732
1251,94.8887329102
1254,112.899246216
1255,94.5497970581
1256,112.298797607
1257,94.2753143311
1258,94.0912628174
1259,112.276367188
1260,95.1386795044
1263,112.221191406
1267,79.2469329834
1268,112.815933228
1271,95.2698287964
1272,112.276367188
1274,104.588859558
1275,95.2698287964
1276,112.276367188
1277,94.0442199707
1279,94.2597503662
1281,94.9774627686
1282,94.6095046997
1283,112.912033081
1285,112.665359497
1286,93.9112472534
1289,112.975219727
1296,113.030395508
1299,94.1965408325
1301,93.9482421875
1306,94.1655731201
1307,94.7449417114
1308,94.5287246704
1313,112.276367188
1314,95.2432556152
1315,112.844070435
1316,94.4412994385
1317,112.17615509
1319,94.0442199707
1323,94.9864425659
1324,104.226272583
1325,94.7807540894
1328,103.518508911
1329,94.9829177856
1330,112.899246216
1331,94.3242874146
1332,104.349693298
1337,97.0758514404
1338,112.292251587
1339,93.9009399414
1340,112.745849609
1343,113.030395508
1347,104.572158813
1348,94.7308731079
1349,105.09753418
1352,94.2597503662
1354,95.5836868286
1359,112.396591187
1360,94.94140625
1363,112.17615509
1364,94.9991073608
1365,104.554328918
1366,94.5676651001
1372,95.0512542725
1375,104.466300964
1376,94.7409439087
1378,94.1698303223
1379,113.373641968
1380,94.94140625
1381,103.645317078
1384,112.543495178
1387,94.1965408325
1388,112.899246216
1392,79.2994232178
1394,104.710891724
1395,95.1386795044
1396,112.17615509
1398,94.0099716187
1399,112.17615509
1400,94.8782958984
1401,95.2998886108
1403,95.0575637817
1404,112.091629028
1406,112.17615509
1407,94.8411560059
1408,112.221191406
1410,79.2469329834
1412,112.276367188
1413,95.2698287964
1415,95.2432556152
1420,112.221191406
1422,112.451034546
1423,112.345405579
1424,112.221191406
1425,95.3692703247
1426,79.2469329834
1427,95.4530563354
1429,93.4547958374
1430,112.789878845
1431,95.3677062988
1432,104.218544006
1434,112.972885132
1437,95.1696166992
1438,104.785690308
1440,113.10144043
1441,112.845054626
1442,94.7449417114
1444,112.899246216
1445,95.459236145
1446,104.455116272
1448,94.7585830688
1453,94.8302688599
1454,112.276367188
1455,95.2698287964
1456,112.597984314
1458,112.276367188
1459,94.5596618652
1461,94.6238632202
1465,94.1965408325
1466,112.33605957
1469,94.9864425659
1472,94.8302688599
1474,94.7409439087
1477,112.850158691
1479,112.239875793
1482,94.7177886963
1483,78.5651321411
1487,95.0416183472
1488,112.899246216
1490,112.845054626
1492,112.185272217
1494,116.432563782
1496,103.490989685
1497,95.2584838867
1499,95.5688247681
1502,94.594833374
1507,112.022758484
1508,94.2597503662
1509,112.326019287
1511,94.6598739624
1512,112.832550049
1513,115.032341003
1514,104.283149719
1518,112.899246216
1519,93.8799438477
1522,113.030395508
1524,79.2767868042
1527,94.7449417114
1529,94.0567398071
1532,104.294517517
1536,113.194534302
1537,116.213989258
1539,105.582832336
1542,112.70438385
1543,94.7409439087
1544,104.083244324
1545,79.2983016968
1550,94.8411560059
1551,112.796966553
1554,104.514205933
1556,104.455116272
1559,94.2753143311
1560,79.1906433105
1562,94.6021499634
1566,93.8799438477
1567,112.899246216
1569,104.131118774
1570,113.358222961
1571,113.325683594
1574,94.2597503662
1578,104.469184875
1580,94.1515045166
1583,112.972885132
1584,94.2597503662
1585,113.034461975
1586,95.9200134277
1587,113.030395508
1588,93.8799438477
1590,114.887687683
1592,103.755500793
1596,112.314331055
1598,112.804595947
1599,94.7409439087
1604,116.584594727
1606,102.711380005
1607,95.2698287964
1608,103.773651123
1609,116.403678894
1611,95.1386795044
1613,95.0509567261
1616,95.4530563354
1619,112.698516846
1620,93.7234954834
1621,112.844070435
1622,94.7574462891
1625,112.428321838
1627,116.403678894
1629,112.824867249
1634,94.9583053589
1636,94.4086151123
1638,104.131118774
1639,94.8310852051
1641,95.4530563354
1643,95.1386795044
1644,103.790390015
1645,116.332351685
1646,94.7227935791
1647,104.514205933
1648,94.975692749
1652,94.1515045166
1653,112.912033081
1656,98.1045303345
1658,94.7409439087
1659,112.799034119
1661,94.9103393555
1663,95.2698287964
1664,112.971885681
1665,95.2698287964
1666,104.455116272
1667,103.742713928
1668,79.3762283325
1669,103.642501831
1670,95.1386795044
1672,113.030395508
1674,112.872673035
1677,112.899246216
1678,94.2124481201
1679,112.899246216
1680,94.765296936
1683,104.349693298
1686,104.535163879
1687,112.350822449
1689,112.971885681
1690,94.1444320679
1691,116.259025574
1692,113.128440857
1693,94.2597503662
1695,94.7409439087
1696,94.8302688599
1697,112.899246216
1700,104.455116272
1701,94.9541931152
1702,113.030395508
1703,94.1683502197
1704,112.400588989
1706,95.135269165
1707,113.517410278
1708,94.8754806519
1710,95.1567687988
1711,104.218544006
1713,104.526618958
1717,104.164352417
1719,104.469184875
1720,94.8411560059
1722,94.607711792
1725,103.755500793
1726,94.975692749
1727,104.625518799
1729,112.811820984
1730,94.1515045166
1731,112.646087646
1733,104.455116272
1734,95.2698287964
1735,112.451034546
1738,95.0509567261
1742,94.3450927734
1745,112.872673035
1747,95.0544052124
1749,95.1352310181
1751,95.1352310181
1752,80.9395523071
1753,104.558013916
1754,95.181388855
1755,95.6371612549
1756,105.507354736
1758,112.978393555
1759,95.6100616455
1760,114.939193726
1761,115.215583801
1762,95.7493667603
1763,112.855186462
1764,91.455329895
1766,95.5031509399
1768,95.0925979614
1769,80.4065170288
1771,113.180747986
1772,94.4183654785
1773,105.84928894
1774,95.5130004883
1775,113.315666199
1777,113.370628357
1779,95.6100616455
1780,106.11289978
1787,95.1773605347
1788,94.490020752
1790,96.6059112549
1796,114.710159302
1801,95.8441925049
1803,96.6059112549
1807,114.710159302
1809,115.070457458
1812,96.3297729492
1813,114.710159302
1814,98.5083312988
1815,113.905052185
1816,97.9081497192
1818,97.017829895
1820,97.1374740601
1821,113.27519989
1822,94.8354263306
1825,93.9674453735
1826,104.655090332
1828,94.3605957031
1831,104.599914551
1836,112.300964355
1837,94.2586212158
1841,94.40675354
1844,103.626365662
1848,93.3357009888
1851,105.859840393
1852,94.1278533936
1853,94.5685119629
1854,112.486320496
1856,94.3400726318
1859,112.962387085
1860,94.3820724487
1861,80.6758117676
1863,104.760993958
1865,94.3743896484
1866,105.74407196
1867,94.7257537842
1868,94.080619812
1872,94.4396514893
1879,94.7257537842
1880,106.05304718
1882,94.1405944824
1885,104.786239624
1887,106.05304718
1888,94.5170211792
1890,112.626495361
1894,94.512512207
1895,104.322906494
1896,94.5969772339
1897,112.617469788
1900,112.617469788
1901,94.7118606567
1902,113.163108826
1905,95.9894180298
1906,112.489120483
1912,104.746192932
1915,94.3820724487
1916,104.760993958
1917,94.8566513062
1918,104.655090332
1920,80.5755615234
1923,94.1896438599
1924,104.487182617
1925,94.3820724487
1930,115.943832397
1932,111.89969635
1933,94.1291732788
1934,112.645645142
1935,94.6566848755
1940,80.4437484741
1941,93.6938476562
1942,112.546722412
1943,97.3382034302
1944,94.4881668091
1945,111.516204834
1948,115.832878113
1949,95.431388855
1952,94.4186401367
1954,100.321411133
1955,112.222442627
1958,94.9232254028
1959,80.6075286865
1960,112.516204834
1963,95.1581726074
1965,94.7807159424
1968,105.142684937
1969,94.602394104
1971,95.1581726074
1972,112.9739151
1973,94.4922409058
1975,94.0345306396
1977,94.124671936
1978,96.5365600586
1979,112.674858093
1981,94.0345306396
1982,112.872634888
1987,113.052154541
1988,94.4922409058
1993,94.8145446777
1997,94.0381317139
1999,94.68334198
2001,94.8137817383
2002,113.343353271
2003,95.5224304199
2004,81.1408157349
2006,112.674858093
2007,96.1115646362
2009,114.980499268
2010,94.5512313843
2013,95.1490936279
2018,81.0927658081
2022,105.435699463
2024,112.622810364
2025,95.1274490356
2026,105.730987549
2030,114.91583252
2031,94.7846755981
2032,105.102638245
2033,94.7385177612
2035,94.6316299438
2036,112.607879639
2037,94.9249572754
2040,94.8689575195
2043,113.061470032
2044,105.851203918
2046,104.781913757
2054,113.723136902
2055,94.8583297729
2056,105.773918152
2059,94.7907485962
2060,95.0683059692
2062,95.071182251
2063,112.657447815
2066,94.8689575195
2067,112.350784302
2072,107.407531738
2073,114.401802063
2074,95.7760543823
2075,115.407844543
2076,94.2629165649
2080,95.3512420654
2082,95.0683059692
2085,112.866477966
2087,112.988334656
2091,112.528625488
2092,94.597328186
2093,105.773918152
2098,94.3782424927
2101,112.516204834
2102,95.2076950073
2103,80.8001937866
2105,106.467658997
2106,95.2133483887
2107,115.429321289
2110,94.7409210205
2114,94.9641342163
2115,112.903167725
2117,81.5106582642
2118,95.0238723755
2119,105.050460815
2120,94.7385177612
2122,95.044708252
2123,112.586402893
2126,95.1581726074
2127,105.282691956
2128,94.7846755981
2129,112.500442505
2132,95.0065841675
2135,105.167304993
2138,94.4287414551
2139,116.30027771
2141,112.194732666
2142,94.5733947754
2146,94.8258361816
2151,112.866539001
2157,103.478500366
2159,112.652145386
2162,94.8731155396
2164,116.210800171
2167,94.1977462769
2168,112.515319824
2171,93.9436340332
2173,94.8516387939
2174,104.149925232
2175,94.4189910889
2178,94.6586532593
2180,94.6542434692
2185,112.502532959
2189,93.8540115356
2190,112.170089722
2192,103.303611755
2194,112.50592804
2200,112.815467834
2201,94.3973922729
2203,112.493843079
2204,94.3327255249
2205,112.992996216
2209,109.310844421
2213,103.952980042
2214,94.1671524048
2215,112.8230896
2216,94.4188690186
2218,93.9122314453
2219,104.506965637
2220,94.6234283447
2222,93.4832305908
2223,112.493843079
2225,112.62020874
2226,94.5999450684
2230,94.3703460693
2233,112.054321289
2234,113.048171997
2235,94.3327255249
2236,78.8800735474
2237,94.0718307495
2240,113.584724426
2241,94.2079849243
2248,104.236351013
2249,94.7419662476
2250,112.163703918
2252,112.515319824
2253,95.2092971802
2254,112.481056213
2256,78.8800735474
2258,93.6256637573
2259,112.775024414
2262,94.7094192505
2265,94.8516387939
2266,104.085258484
2269,94.6456985474
2271,95.1869735718
2273,93.9159469604
2274,112.380805969
2275,94.4188690186
2277,94.2532958984
2279,94.3327255249
2280,78.7939300537
2282,94.6542434692
2283,103.346000671
2288,93.4617538452
2289,111.985206604
2291,94.5575027466
2292,116.722595215
2297,94.6234283447
2298,103.82183075
2299,95.7793807983
2300,112.82951355
2301,93.580116272
2304,94.6776351929
2305,103.757331848
2306,94.7094192505
2308,94.0819015503
2309,112.903060913
2311,104.560310364
2312,104.33380127
2316,103.623008728
2321,103.82183075
2322,112.515319824
2325,104.201759338
2326,94.3009185791
2329,116.722595215
2330,94.2532958984
2331,102.880943298
2332,112.170089722
2333,94.7094192505
2334,103.358787537
2335,112.195396423
2337,113.048171997
2338,94.1201248169
2340,112.170089722
2342,94.678352356
2345,93.9339675903
2349,95.0515289307
2351,78.8800735474
2352,94.5575027466
2354,111.882209778
2355,119.128166199
2357,112.62020874
2358,93.9671478271
2360,94.9441604614
2361,111.882209778
2364,94.3482284546
2366,95.7914581299
2369,103.765762329
2370,94.7419662476
2371,111.999145508
2373,119.991172791
2374,94.444442749
2376,112.633682251
2378,112.251037598
2382,95.4383468628
2383,94.0233840942
2386,103.245857239
2387,94.9251937866
2389,95.1561584473
2390,112.015632629
2392,93.2793502808
2398,112.170089722
2399,94.5575027466
2400,95.8492965698
2401,111.981468201
2402,94.444442749
2404,93.8054504395
2407,112.33618927
2408,112.219177246
2409,112.526245117
2412,80.0010528564
2413,94.8710021973
2415,94.3712234497
2420,111.976371765
2422,94.4401321411
2423,103.346000671
2426,94.6649398804
2432,94.1006698608
2434,93.7688598633
2435,95.1346817017
2436,112.460144043
2438,111.595710754
2440,112.743629456
2443,94.3349533081
2444,94.2631607056
2447,104.236351013
2450,94.4154052734
2454,93.765914917
2455,112.58895874
2459,94.7094192505
2460,112.554695129
2463,94.3260803223
2465,94.5263061523
2468,78.9289550781
2469,94.3327255249
2474,93.9890975952
2478,93.2681884766
2480,94.2631607056
2481,113.584724426
2489,94.6542434692
2490,104.56275177
2492,93.823425293
2496,94.7094192505
2497,112.395263672
2500,94.5789794922
2505,94.7094192505
2507,93.0642318726
2508,112.992996216
2509,94.8758239746
2510,80.220375061
2513,93.0040435791
2515,94.6542434692
2518,94.0233840942
2519,112.015632629
2520,94.0233840942
2521,112.913749695
2523,112.791152954
2525,94.2532958984
2529,112.992996216
2530,94.3973922729
2533,112.179588318
2535,94.179473877
2538,103.676292419
2544,111.920982361
2553,112.502532959
2556,94.2116699219
2558,93.5611953735
2559,117.796081543
2560,94.2532958984
2561,113.400802612
2562,94.5263061523
2563,112.940002441
2564,93.7688598633
2565,112.054321289
2567,104.207328796
2572,94.313293457
2575,94.5575027466
2576,112.77368927
2577,93.1075973511
2578,94.8179397583
2579,112.471069336
2580,93.167755127
2582,112.502532959
2583,99.9046401978
2587,94.2743377686
2589,112.50050354
2590,94.518081665
2591,112.992996216
2594,94.2290802002
2597,94.8819732666
2598,104.072471619
2599,94.8633270264
2600,103.346000671
2602,112.600769043
2603,94.313293457
2604,104.228805542
2606,112.526245117
2607,78.5486373901
2608,95.9139633179
2613,112.992996216
2614,94.6243667603
2615,112.515319824
2617,112.737937927
2620,93.7998275757
2623,112.973007202
2624,94.2927322388
2627,112.992996216
2629,78.5486373901
2630,93.7624588013
2632,94.6449050903
2636,93.5772476196
2639,94.2186431885
2640,104.248268127
2642,112.992996216
2644,104.137138367
2646,112.822540283
2647,94.4570541382
2649,94.379196167
2650,107.142494202
2652,104.137138367
2653,102.974227905
2655,107.70677948
2657,112.878952026
2659,111.915908813
2662,94.0019073486
2663,113.584724426
2664,94.7332763672
2665,104.676986694
2670,94.5602264404
2671,103.779441833
2672,93.8985977173
2675,104.137138367
2677,112.633682251
2679,112.526245117
2683,113.346611023
2684,94.9735565186
2685,94.2532958984
2688,103.82183075
2689,94.6576919556
2690,103.573112488
2693,95.405380249
2694,112.518859863
2697,98.8606948853
2699,94.5789794922
2703,94.4874191284
2705,103.712463379
2709,78.7800369263
2710,94.1006698608
2711,112.928970337
2712,93.879447937
2713,95.1927337646
2714,112.785057068
2715,93.5451660156
2717,93.0040435791
2718,111.734275818
2720,112.753540039
2721,94.5602264404
2726,94.7760543823
2728,94.2532958984
2731,103.259857178
2732,111.882209778
2734,93.6656036377
2736,104.072471619
2737,94.6558227539
2738,103.270332336
2739,113.531951904
2746,93.9122314453
2749,103.337310791
2751,116.307685852
2752,103.76763916
2753,94.8015136719
2757,104.627418518
2758,94.6784210205
2759,112.126296997
2760,94.6439361572
2762,112.515319824
2764,94.686416626
2765,111.641494751
2769,112.666694641
2771,112.8777771
2774,94.5735168457
2776,94.0653152466
2777,112.18221283
2778,93.8786010742
2779,113.641899109
2782,93.580116272
2784,94.5021057129
2787,94.1952514648
2789,93.965057373
2792,94.1687393188
2798,96.0143661499
2799,104.072471619
2800,94.5602264404
2801,80.3198165894
2802,94.1770172119
2804,94.3160095215
2807,104.236351013
2808,95.8960037231
2809,117.563476562
2811,116.398864746
2812,95.440032959
2814,93.0255203247
2816,94.6154022217
2817,112.744850159
2818,112.1977005
2820,112.511955261
2821,79.2323913574
2822,94.3183441162
2823,103.834617615
2824,94.5602264404
2826,94.5597000122
2829,95.1083908081
2834,94.2532958984
2835,78.5032119751
2838,94.9725570679
2839,112.471069336
2840,94.0179901123
2841,112.899017334
2842,94.7094192505
2846,112.728965759
2848,94.5692367554
2849,93.6226196289
2850,112.785057068
2851,94.8731155396
2853,94.215385437
2854,112.992996216
2858,112.894386292
2861,94.3604202271
2864,93.823425293
2865,113.584724426
2866,112.515319824
2867,93.167755127
2868,112.447128296
2870,112.928970337
2877,94.6991119385
2878,112.992996216
2880,112.57850647
2882,78.8248977661
2883,94.9019546509
2884,103.82183075
2885,94.4934234619
2887,94.6542434692
2888,112.633682251
2889,94.8731155396
2890,104.137138367
2891,104.560310364
2892,116.210800171
2893,95.2732620239
2898,112.830497742
2899,93.8495483398
2900,112.770339966
2901,95.8469924927
2909,94.6449050903
2910,112.044822693
2911,113.152084351
2913,112.526245117
2914,95.1150970459
2918,94.21900177
2919,112.58895874
2920,94.5633773804
2921,112.992996216
2922,95.184173584
2923,103.259857178
2925,112.610267639
2926,93.167755127
2927,113.048171997
2929,112.502532959
2933,93.3806228638
2934,113.000823975
2936,112.024368286
2941,103.712387085
2942,94.1221466064
2943,112.380805969
2945,103.834617615
2950,93.4280548096
2951,112.633682251
2953,117.308708191
2954,94.4189910889
2955,103.377006531
2956,95.034866333
2960,95.0497283936
2962,94.2653427124
2963,104.817596436
2964,104.137138367
2966,78.7939300537
2967,94.5831680298
2968,112.8230896
2969,93.0255203247
2971,94.0394668579
2972,94.6234283447
2974,98.823097229
2975,112.72039032
2977,116.329162598
2980,112.732894897
2981,94.3145980835
2983,94.8731155396
2984,105.276313782
2985,116.722595215
2986,104.142662048
2987,94.6234283447
2989,93.6328582764
2990,112.05770874
2991,94.5807495117
2992,78.217300415
2995,98.8606948853
2996,103.455688477
3002,112.479652405
3004,113.230712891
3005,116.355453491
3006,94.6784210205
3010,94.9571304321
3011,104.246238708
3014,93.167755127
3015,94.2314529419
3016,94.8516387939
3017,111.979293823
3018,94.224937439
3021,103.346000671
3024,104.072471619
3028,93.9122314453
3030,93.8786010742
3032,94.4755630493
3039,94.6131896973
3040,104.208679199
3041,95.7264022827
3043,94.715713501
3044,112.426864624
3046,112.386405945
3055,93.4634933472
3056,112.526245117
3058,93.9159469604
3059,109.904426575
3061,116.189323425
3063,104.697555542
3066,94.7419662476
3067,104.072471619
3068,78.8585968018
3069,94.5602264404
3072,114.984115601
3073,112.633682251
3074,94.590713501
3077,93.4832305908
3082,94.8800125122
3084,98.8606948853
3085,112.642539978
3088,104.137138367
3091,94.0328826904
3092,113.010421753
3093,94.7403945923
3094,103.259857178
3096,112.821395874
3097,93.8335266113
3098,78.8800735474
3102,115.519058228
3106,94.1410598755
3109,94.6458435059
3111,93.6313095093
3112,116.355453491
3113,94.7311706543
3115,95.9139633179
3116,112.704727173
3117,94.4188690186
3121,113.282974243
3122,94.0896224976
3123,94.5789794922
3124,104.261207581
3125,94.8516387939
3126,103.29082489
3127,116.15562439
3129,94.0244903564
3130,112.515319824
3132,103.730049133
3134,105.014556885
3135,94.8449401855
3137,79.0994186401
3138,94.6965179443
3140,94.3687591553
3144,112.502532959
3145,94.42578125
3146,112.515319824
3147,94.5501403809
3148,104.254219055
3149,103.813140869
3150,112.851974487
3151,94.9473876953
3152,94.7419662476
3155,97.5739822388
3156,112.785057068
3159,93.4832305908
3161,94.5355377197
3162,104.248268127
3163,94.9019546509
3165,102.350921631
3172,93.7998275757
3173,111.919631958
3176,94.6254730225
3177,104.259994507
3179,112.72039032
3183,93.4203567505
3186,94.5789794922
3187,103.291007996
3189,112.493843079
3190,94.138092041
3192,116.15562439
3193,93.7998275757
3194,112.737937927
3197,94.8731155396
3198,94.5501403809
3200,94.5784683228
3201,115.982429504
3202,94.5501403809
3204,94.7094192505
3205,94.0233840942
3206,112.633682251
3208,103.746162415
3210,103.712516785
3211,94.7419662476
3212,116.189323425
3213,94.1851501465
3214,112.419219971
3216,104.137138367
3219,95.5430374146
3220,112.33618927
3221,94.7311706543
3226,107.767028809
3227,95.1157150269
3228,112.462776184
3229,94.7501754761
3232,78.9289550781
3233,94.6649398804
3234,93.5815200806
3236,94.6662979126
3238,112.992996216
3239,112.535049438
3240,93.8541259766
3247,112.44834137
3249,103.416252136
3252,118.468154907
3253,94.8731155396
3254,104.149925232
3255,94.2591018677
3256,113.120010376
3257,93.9339675903
3262,94.7419662476
3263,104.137138367
3264,95.034866333
3266,112.586517334
3267,94.3570632935
3269,94.313293457
3272,116.722595215
3274,94.8731155396
3275,104.220024109
3277,94.3032226562
3279,95.1387176514
3280,104.193092346
3283,95.174659729
3285,94.6542434692
3287,94.2318191528
3288,104.072471619
3290,105.13822937
3291,94.0933074951
3298,112.515319824
3299,94.3482284546
3302,111.255973816
3303,94.6860198975
3304,104.359954834
3307,93.9122314453
3309,94.1320114136
3314,78.8800735474
3316,112.633682251
3317,94.9461212158
3319,94.9392852783
3320,112.515319824
3321,94.5238037109
3322,103.952980042
3324,93.2481231689
3326,94.0389633179
3329,112.321739197
3330,93.7688598633
3331,112.515319824
3335,116.210800171
3337,94.8771820068
3338,104.125114441
3339,95.9113845825
3340,112.50050354
3341,95.2088012695
3343,94.3547744751
3346,93.6098327637
3348,94.8040924072
3351,104.072471619
3352,116.471221924
3355,93.4832305908
3356,113.120697021
3358,104.910499573
3359,94.4842987061
3360,112.021903992
3371,112.633682251
3372,94.7311706543
3374,95.0563430786
3377,112.447128296
3378,93.2380599976
3380,104.262870789
3382,94.5692367554
3386,94.4343719482
3389,112.416389465
3391,103.841278076
3393,94.6991119385
3394,103.952980042
3395,94.686416626
3397,112.992996216
3398,94.4604568481
3399,79.1462478638
3400,94.8377914429
3404,103.82183075
3407,112.57850647
3409,104.129905701
3419,94.2817459106
3421,95.1755981445
3425,95.043510437
3427,79.0253448486
3428,116.722595215
3429,112.72215271
3431,93.9211044312
3435,94.4229660034
3436,112.72039032
3439,94.9014892578
3441,94.5068435669
3442,116.722595215
3443,94.7419662476
3444,103.358787537
3445,94.2581176758
3446,112.030426025
3449,93.8786010742
3453,93.8907546997
3457,94.4418640137
3460,104.072471619
3461,94.5807495117
3462,94.433555603
3464,104.697555542
3465,78.8585968018
3466,94.8758239746
3467,104.335662842
3468,94.9441604614
3469,104.149925232
3470,103.092590332
3472,112.992996216
3473,93.7998275757
3475,93.8001785278
3476,112.633682251
3478,104.248268127
3479,94.8042449951
3483,94.2090759277
3484,103.746162415
3485,95.1083679199
3487,93.897064209
3488,112.567481995
3496,112.386405945
3497,94.2819900513
3499,95.0497283936
3500,78.8800735474
3501,94.5575027466
3504,94.8784179688
3508,104.584213257
3511,94.110534668
3512,113.037857056
3515,94.2631607056
3517,94.2918167114
3518,103.861679077
3526,112.10408783
3528,121.701347351
3529,94.0077590942
3530,112.490028381
3531,94.2631607056
3532,111.998664856
3533,94.7731018066
3534,94.6154022217
3535,79.5935821533
3536,94.3973922729
3537,112.515319824
3538,94.2090759277
3539,112.133033752
3540,103.841278076
3545,112.502532959
3546,93.0255203247
3550,103.834617615
3551,94.407371521
3553,94.8516387939
3554,104.072471619
3557,94.0718307495
3558,112.493843079
3559,93.8786010742
3561,96.1792068481
3562,112.992996216
3563,93.9101638794
3564,104.072471619
3565,94.2581176758
3567,94.1320114136
3571,104.072471619
3572,94.8731155396
3574,94.374710083
3576,94.4128952026
3577,112.502532959
3578,94.5575027466
3579,94.4343719482
3583,94.4343719482
3585,94.6766738892
3586,103.82183075
3587,112.502532959
3593,94.4549560547
3594,109.978065491
3595,94.6131896973
3599,94.3939285278
3600,104.28717041
3601,112.992996216
3602,93.8786010742
3604,94.4842529297
3609,116.475318909
3610,112.515319824
3612,112.435836792
3614,113.790107727
3615,94.5939254761
3617,95.1938934326
3618,112.493843079
3619,112.186187744
3620,112.460144043
3621,94.5939254761
3625,94.5438842773
3626,103.235420227
3630,103.358787537
3631,94.3112640381
3632,104.675262451
3633,94.9941864014
3634,112.515319824
3637,94.0983276367
3639,94.2056503296
3640,112.652145386
3641,94.2581558228
3644,113.06552124
3645,94.4343719482
3646,94.362487793
3647,93.9890975952
3648,112.992996216
3653,112.633682251
3654,95.9354400635
3655,112.493843079
3659,103.324523926
3660,94.9441604614
3662,112.526245117
3666,94.3547744751
3668,94.9746704102
3671,93.8335266113
3673,94.0778198242
3674,112.597816467
3675,94.2056503296
3681,94.0019073486
3682,112.633682251
3686,112.419219971
3687,93.8541259766
3692,78.5101623535
3695,112.515319824
3696,94.6776351929
3699,113.269287109
3705,113.491714478
3707,78.9289550781
3708,94.686416626
3709,112.950302124
3710,94.4970397949
3712,94.7419662476
3715,112.633682251
3716,94.3032226562
3720,112.652145386
3722,78.9289550781
3726,94.8377914429
3728,93.3431015015
3729,112.633682251
3731,103.63684845
3735,113.023895264
3736,94.6357498169
3739,102.372398376
3741,112.202125549
3743,103.46723175
3744,94.3244094849
3745,112.333274841
3746,94.1981201172
3751,93.0721282959
3753,94.2835540771
3760,112.131835938
3761,93.3736724854
3762,112.153312683
3763,93.9627532959
3765,93.8530731201
3768,112.280319214
3769,94.0402908325
3770,102.752059937
3773,112.57736969
3774,94.4076919556
3776,94.2244644165
3778,93.78490448
3779,112.288513184
3780,93.8570556641
3781,111.853881836
3782,94.816696167
3783,112.399520874
3784,93.8235549927
3786,94.1891403198
3789,111.259178162
3790,94.2207565308
3793,112.404319763
3795,112.27809906
3797,94.4865646362
3798,116.422187805
3800,112.071739197
3804,94.5234603882
3810,93.5304641724
3815,112.193435669
3816,94.5234603882
3818,103.51007843
3824,112.344345093
3828,103.815818787
3830,112.159736633
3831,94.1113739014
3832,77.8999862671
3834,112.333274841
3835,93.5641403198
3836,111.909164429
3838,94.3538360596
3839,115.888916016
3840,112.370552063
3845,93.7448043823
3846,111.661338806
3847,93.8977355957
3849,78.016960144
3853,111.638938904
3855,103.935562134
3856,94.3658905029
3864,78.1382064819
3865,93.9385070801
3866,112.14793396
3867,93.5372238159
3868,112.071739197
3869,94.4138717651
3871,93.8080825806
3875,103.772064209
3876,93.7315826416
3878,93.9986190796
3879,112.497413635
3881,112.071739197
3883,112.14994812
3884,93.5283660889
3886,111.985031128
3890,94.1686401367
3893,112.370056152
3897,104.627662659
3901,93.7139511108
3902,111.527320862
3913,111.985031128
3914,93.6633529663
3916,93.7315826416
3917,111.703330994
3924,103.730911255
3925,93.7902145386
3928,94.4901733398
3929,113.04234314
3932,93.7120895386
3933,103.185386658
3934,79.0930709839
3935,92.871673584
3936,93.8661880493
3937,111.470428467
3938,93.678817749
3939,111.606063843
3943,92.0142364502
3944,111.739700317
3945,112.048362732
3946,95.1739196777
3947,111.563568115
3948,93.2324371338
3949,111.739700317
3950,94.1147460938
3951,111.962402344
3952,93.1802597046
3953,112.377609253
3961,112.210655212
3962,93.8176803589
3966,94.169921875
3967,104.104270935
3968,94.2853851318
3969,112.61907196
3970,94.2352218628
3971,103.309455872
3973,93.4881820679
3974,111.794876099
3975,112.852935791
3977,96.7897644043
3979,111.650276184
3985,93.4089813232
3986,103.948539734
3988,111.606063843
3991,93.7040710449
3992,103.131195068
3993,93.3743286133
3994,93.4004669189
3995,111.508392334
4005,111.871337891
4007,93.5983886719
4008,104.105255127
4009,93.7671661377
4010,111.715644836
4011,79.4098052979
4012,92.9064483643
4013,103.932823181
4015,111.658699036
4016,111.681243896
4018,111.768638611
4025,93.9213638306
4026,111.833305359
4028,111.660453796
4029,94.083114624
4031,93.5452957153
4032,112.16116333
4033,94.0121154785
4034,103.725410461
4037,93.3806228638
4038,103.093849182
4039,93.9789428711
4041,94.7103271484
4042,111.614814758
4043,95.3646087646
4044,103.604614258
4045,93.6389694214
4046,112.345252991
4047,94.9552459717
4048,103.696281433
4049,94.0935821533
4051,93.3040237427
4052,112.214103699
4058,103.53994751
4062,111.512298584
4064,111.886695862
4067,93.9018478394
4068,78.6436462402
4070,93.9790725708
4072,115.288955688
4074,112.881011963
4075,94.2771987915
4076,111.832855225
4077,93.8648681641
4078,112.252532959
4080,103.604614258
4082,111.97000885
4085,94.1438903809
4086,113.626022339
4088,112.252532959
4089,94.0120925903
4092,78.5575027466
4094,93.6318893433
4095,111.982795715
4096,93.0703811646
4097,103.235115051
4102,94.30834198
4105,111.372116089
4107,112.113578796
4111,93.6755828857
4112,104.314308167
4113,94.2715682983
4114,118.716880798
4115,93.2032623291
4116,113.251396179
4117,93.9789428711
4118,94.8260955811
4119,112.813323975
4120,93.9920806885
4122,79.2941894531
4125,93.6637115479
4126,113.040512085
4129,112.397254944
4134,114.668830872
4137,94.6879959106
4141,102.741966248
4142,94.9906921387
4144,94.1217193604
4145,104.150138855
4146,95.7965164185
4150,93.8992538452
4151,78.8093185425
4154,93.9018478394
4156,94.0600509644
4157,112.065292358
4159,112.100471497
4160,93.2156677246
4161,112.404640198
4168,94.4135971069
4171,104.413597107
4172,103.940376282
4173,94.5238189697
4175,92.6128768921
4176,103.604614258
4177,94.1217193604
4178,103.004341125
4179,93.8157043457
4181,111.615081787
4183,94.5023422241
4184,112.101158142
4185,93.858001709
4186,113.198814392
4188,118.083648682
4190,112.333274841
4192,94.0355911255
4193,112.027435303
4194,112.214103699
4195,94.578453064
4196,78.312210083
4202,94.5023422241
4203,103.585403442
4208,94.4451065063
4209,112.418441772
4210,93.6965560913
4211,111.331504822
4212,116.190071106
4214,104.01184082
4215,94.3137130737
4216,111.862739563
4217,93.5475463867
4219,94.5946731567
4222,111.679481506
4224,78.6792297363
4231,103.956665039
4232,94.5023422241
4234,93.5780258179
4236,94.1217193604
4237,103.53994751
4240,94.0802841187
4242,105.039886475
4243,94.4425125122
4247,93.7794799805
4248,113.251396179
4249,93.5994873047
4254,102.826263428
4263,94.1709442139
4265,113.061988831
4267,111.847991943
4268,113.040512085
4271,112.134170532
4272,94.017616272
4273,112.266105652
4274,93.3834228516
4276,93.8391036987
4278,94.3191146851
4280,94.6655273438
4281,112.278892517
4283,94.0095367432
4284,111.915817261
4285,94.583190918
4286,111.914833069
4287,93.9946060181
4288,112.236167908
4289,93.5780105591
4290,81.403175354
4293,93.5565490723
4296,111.495895386
4297,93.5430221558
4299,93.3246002197
4303,113.828079224
4310,94.4084777832
4312,103.716552734
4318,104.072471619
4320,112.416389465
4322,94.7515869141
4323,116.309257507
4325,104.248268127
4326,112.633682251
4328,104.149925232
4330,103.952980042
4332,112.429176331
4333,94.2373580933
4335,94.9063415527
4336,111.653297424
4338,105.18611908
4341,95.1091079712
4342,104.58505249
4344,104.072471619
4347,94.7459869385
4348,104.137138367
4351,107.61832428
4352,94.5501403809
4353,112.72039032
4355,103.477149963
4356,94.313293457
4359,104.191062927
4360,94.8731155396
4361,93.8284225464
4364,94.8148803711
4365,104.274383545
4368,94.8449401855
4372,94.5238037109
4374,92.9719390869
4376,94.7385787964
4377,103.691474915
4380,94.5789794922
4383,105.464637756
4384,94.8516387939
4385,102.995872498
4389,94.7275619507
4391,94.6154022217
4392,112.57850647
4393,93.8786010742
4395,93.6167449951
4396,112.992996216
4398,112.445213318
4399,107.399887085
4401,93.8607711792
4406,94.6776351929
4408,103.952980042
4412,104.137138367
4415,94.7419662476
4418,112.633682251
4419,92.9719390869
4420,79.6993331909
4422,112.992996216
4423,92.9719390869
4425,94.3681869507
4428,113.94732666
4431,112.88293457
4434,93.2501983643
4436,94.5939254761
4437,111.90448761
4439,116.189323425
4440,94.5465316772
4441,112.746627808
4444,94.6971664429
4445,104.248268127
4446,94.9825439453
4447,112.947265625
4452,103.82183075
4456,112.58895874
4457,94.2581176758
4458,112.395095825
4460,94.313293457
4461,116.326568604
4462,94.3214187622
4465,103.346000671
4466,103.524360657
4468,95.1715621948
4469,103.952980042
4472,112.169082642
4475,94.444442749
4478,94.2325439453
4479,112.426864624
4480,94.4755630493
4483,80.8184890747
4484,93.9122314453
4485,104.394020081
4486,95.1869735718
4488,94.2170791626
4489,103.952980042
4490,94.5575027466
4491,111.418464661
4492,94.8731155396
4493,107.907928467
4494,94.444442749
4495,103.346000671
4498,80.9666366577
4499,95.0789794922
4500,103.204681396
4503,112.502532959
4505,103.324523926
4506,94.7320404053
4507,94.8179397583
4508,104.072471619
4510,112.633682251
4511,93.4832305908
4513,95.1869735718
4516,80.7472915649
4519,94.0755462646
4521,94.1349334717
4531,94.4303665161
4532,79.8202514648
4533,98.7635650635
4534,112.502532959
4536,104.072471619
4537,94.2581176758
4539,94.7990188599
4542,103.346000671
4545,94.1320114136
4549,93.7473983765
4551,94.4317779541
4554,103.82183075
4556,113.179321289
4559,112.533782959
4561,112.58895874
4562,112.393592834
4566,112.547889709
4569,94.0933074951
4570,112.992996216
4573,94.7311706543
4574,103.434211731
4575,94.6558227539
4577,94.9926147461
4578,111.915908813
4580,112.68888092
4582,95.7648696899
4583,112.992996216
4585,94.5789794922
4587,104.072471619
4595,93.8054504395
4596,112.764862061
4601,94.5784683228
4602,112.633682251
4603,94.5789794922
4605,112.502532959
4606,93.6920471191
4607,113.123710632
4608,94.2318191528
4610,95.0728988647
4613,103.82183075
4617,94.2034606934
4618,111.882209778
4619,94.2720184326
4620,94.1791152954
4622,101.886077881
4625,94.313293457
4626,104.072471619
4627,94.5575027466
4629,94.0978927612
4631,94.0019073486
4633,104.072471619
4634,117.725776672
4635,93.9798431396
4639,93.929473877
4640,104.454788208
4642,103.766654968
4644,112.8230896
4646,104.072471619
4647,95.5879592896
4648,80.6920700073
4649,94.2090759277
4650,112.533782959
4655,93.7473983765
4660,94.2318191528
4661,113.378196716
4662,92.814414978
4663,112.721664429
4665,94.6936721802
4666,112.515319824
4667,103.766654968
4668,94.8592681885
4670,94.1320114136
4671,112.077217102
4672,94.6776351929
4673,103.82183075
4675,103.746162415
4676,94.5789794922
4677,111.838500977
4680,94.9571304321
4682,94.5602264404
4683,113.157844543
4685,104.137138367
4686,94.6439361572
4688,115.703353882
4690,112.124397278
4692,113.892410278
4693,95.0495605469
4697,94.7510910034
4700,113.294548035
4702,113.31602478
4707,117.586853027
4708,94.5969238281
4710,79.3644714355
4716,101.6068573
4717,95.5268936157
4718,95.4027099609
4720,95.6426620483
4721,79.2854309082
4723,96.3168029785
4726,112.696212769
4727,94.4629745483
4729,95.0753555298
4731,95.5582122803
4732,114.101753235
4735,94.4568481445
4736,104.155349731
4737,95.8688049316
4738,112.42389679
4739,112.163703918
4744,104.155349731
4747,94.7620697021
4749,114.062454224
4750,94.5969238281
4752,115.520126343
4755,95.3460540771
4756,104.530792236
4757,115.180297852
4758,95.9762420654
4759,104.670906067
4763,95.5268936157
4764,104.83253479
4765,94.4896621704
4766,94.9770126343
4767,113.08014679
4769,113.394721985
4770,94.7901687622
4771,81.3249893188
4772,105.018852234
4774,115.703353882
4776,112.728851318
4777,113.254524231
4778,95.8550872803
4780,95.3276596069
4784,95.510887146
4786,97.7999725342
4787,79.1422271729
4788,95.8122406006
4789,115.520126343
4791,105.593215942
4792,94.7041244507
4795,113.436408997
4796,93.8414382935
4803,94.5589752197
4805,96.0696640015
4807,94.2791976929
4809,94.4156417847
4816,95.3698501587
4817,79.3064880371
4818,94.2797470093
4820,95.4027099609
4821,104.281219482
4823,112.836051941
4824,95.9314804077
4825,113.362770081
4829,102.977249146
4830,96.7897262573
4831,113.22706604
4833,104.604194641
4836,95.7567825317
4837,115.703353882
4838,94.6023635864
4840,96.0844497681
4841,79.1637039185
4842,94.2392807007
4843,112.545387268
4844,94.3399734497
4849,108.045913696
4851,105.602874756
4852,94.6379241943
4858,94.2844924927
4860,96.7897262573
4863,113.425247192
4864,95.2948455811
4865,112.545623779
4867,112.120170593
4868,95.6495361328
4869,112.836051941
4873,94.0617752075
4875,96.0054779053
4876,115.342132568
4877,94.827507019
4878,111.980476379
4880,79.1637039185
4886,114.488708496
4888,104.155349731
4889,96.7298965454
4890,115.207420349
4893,95.0144348145
4895,95.1952590942
4896,105.018852234
4899,95.3725662231
4901,94.4783248901
4902,112.422225952
4903,95.3986129761
4904,115.520126343
4910,94.5403900146
4912,94.3724212646
4915,96.3676605225
4916,103.99395752
4917,94.8449935913
4920,105.018852234
4927,104.048149109
4928,94.8919754028
4931,104.048149109
4934,94.5057144165
4936,94.9863891602
4939,114.490524292
4942,115.850349426
4943,96.9269714355
4944,104.331970215
4945,95.4241867065
4947,111.980476379
4948,94.2969512939
4951,94.990852356
4952,115.520126343
4953,95.0495605469
4956,95.3986129761
4957,115.470115662
4958,95.3751831055
4960,94.4739227295
4968,94.5966873169
4969,104.673957825
4971,104.18107605
4973,115.703353882
4975,114.182846069
4976,100.044464111
4978,94.4156417847
4979,113.737953186
4982,95.6266555786
4983,112.973838806
4984,97.3432846069
4985,117.70262146
4986,93.955406189
4987,118.304611206
4988,95.1628265381
4994,96.5998458862
4995,96.6279754639
5002,79.847694397
5004,94.5857620239
5005,103.938308716
5006,95.5298843384
5007,104.382453918
5009,113.867462158
5011,115.703353882
5014,94.4036254883
5015,103.99395752
5018,95.0192108154
5019,113.436408997
5020,94.2212524414
5021,113.431549072
5022,94.9453659058
5023,95.0815124512
5025,96.8112030029
5032,95.7396087646
5034,97.9312286377
5036,94.409614563
5038,95.6180877686
5039,114.106948853
5046,95.6426620483
5049,113.436408997
5051,95.8688049316
5052,94.1689758301
5053,115.703353882
5054,96.8112030029
5055,95.8688049316
5057,94.4136962891
5059,94.7688598633
5062,96.6859130859
5063,113.43775177
5065,114.305335999
5069,94.7369308472
5071,97.9808120728
5074,113.88130188
5075,94.2702102661
5076,114.056465149
5077,79.1637039185
5079,104.095191956
5080,95.9586791992
5081,115.703353882
5083,103.86492157
5088,105.460975647
5089,97.084854126
5093,113.244171143
5094,104.875411987
5095,98.2127151489
5099,112.288101196
5101,112.728851318
5103,104.281219482
5104,94.2812271118
5105,113.448677063
5107,94.7510910034
5108,114.02230072
5109,94.3356323242
5111,94.4300231934
5112,112.113098145
5113,94.3837203979
5114,112.181060791
5115,94.271774292
5118,95.0762329102
5122,95.1139831543
5123,78.8876495361
5125,94.7015762329
5127,104.131904602
5128,94.6599731445
5129,115.088058472
5132,94.8762817383
5134,112.956954956
5135,94.6178665161
5137,112.477416992
5142,94.0693130493
5143,104.043869019
5144,95.3697814941
5148,94.244682312
5149,94.2876205444
5150,105.206245422
5154,79.2033462524
5155,94.3710632324
5159,94.0901641846
5164,94.4831619263
5165,112.89944458
5166,94.3540496826
5167,113.441825867
5169,93.2468719482
5171,94.0835113525
5172,112.85572052
5176,94.8720169067
5184,111.20337677
5185,94.7358398438
5186,112.360137939
5188,105.237213135
5189,113.144668579
5190,94.1375732422
5191,112.89944458
5193,112.85572052
5196,94.8010177612
5199,78.8682174683
5200,104.175018311
5203,93.7017364502
5204,113.701293945
5205,94.5864334106
5207,94.3709335327
5208,111.708824158
5212,94.8915252686
5214,93.6592788696
5218,93.8798141479
5220,95.1051864624
5222,93.7052688599
5224,96.4711990356
5225,104.294509888
5227,112.829780579
5229,104.294509888
5232,93.8065032959
5233,116.438331604
5234,104.658935547
5237,113.215034485
5239,112.350654602
5240,93.7471694946
5241,112.71206665
5244,94.4851989746
5248,113.032646179
5251,93.470161438
5253,94.5109405518
5255,94.9640045166
5256,103.06300354
5257,94.5020828247
5259,96.4160232544
5260,111.832252502
5266,94.4920120239
5268,94.5857315063
5275,113.270210266
5276,112.85572052
5277,94.3883361816
5279,94.9640045166
5280,104.294509888
5281,95.0096893311
5283,94.3746643066
5284,79.1509933472
5285,95.058807373
5286,104.043869019
5287,94.0221328735
5289,94.1986999512
5290,112.85572052
5292,105.293693542
5293,94.9681777954
5294,103.913040161
5297,94.5864334106
5299,104.238983154
5302,94.7306900024
5305,79.3114929199
5306,94.9640045166
5308,94.5169219971
5309,95.0098190308
5310,113.22051239
5312,112.724571228
5316,112.981452942
5317,95.272895813
5319,79.1021118164
5320,95.1139831543
5323,94.3285446167
5329,113.030593872
5331,112.269508362
5334,112.161384583
5336,112.85572052
5338,104.481887817
5341,94.3650665283
5345,95.1963882446
5348,94.6409072876
5349,112.771614075
5355,104.683227539
5356,94.4920120239
5360,104.805465698
5362,112.405105591
5364,113.112953186
5366,104.046989441
5367,94.2205123901
5368,94.8036270142
5370,94.4421081543
5371,79.2033462524
5373,104.175018311
5375,113.215034485
5376,93.7017364502
5378,113.112953186
5379,94.3650665283
5383,94.3285446167
5384,103.669273376
5389,112.252487183
5391,80.3540420532
5393,113.796035767
5395,112.981452942
5397,112.670379639
5398,93.728477478
5399,112.783622742
5401,116.36302948
5402,93.643371582
5403,113.037521362
5404,94.5310516357
5407,80.3540420532
5408,94.1001205444
5413,112.318138123
5414,94.3837203979
5417,94.74584198
5418,105.293693542
5420,112.979393005
5421,94.1220474243
5424,93.8547592163
5425,115.275810242
5426,94.6622009277
5429,112.85572052
5431,94.770401001
5437,104.122627258
5440,93.7471694946
5444,104.419113159
5446,103.989677429
5447,94.0695419312
5451,94.3109359741
5452,111.354164124
5455,104.658935547
5456,96.0896606445
5458,94.2675018311
5459,112.748283386
5460,95.0951538086
5462,94.8010177612
5463,113.015708923
5464,95.2227630615
5465,113.026443481
5466,95.3944778442
5467,104.043869019
5468,94.5889358521
5469,112.943702698
5472,94.7843475342
5474,94.4010925293
5475,112.62046814
5476,95.058807373
5479,104.294509888
5480,113.270210266
5482,112.391120911
5485,94.0839538574
5486,116.57749176
5488,79.2238388062
5495,104.294509888
5496,94.4831619263
5497,112.731155396
5499,112.874015808
5503,94.4851989746
5504,94.2847900391
5507,95.1139831543
5509,94.15574646
5511,94.077041626
5512,112.85572052
5516,112.992996216
5517,95.0011672974
5518,104.752731323
5521,94.8179397583
5522,104.259849548
5527,95.1869735718
5528,95.7793807983
5529,112.73525238
5532,94.9429092407
5533,112.023262024
5535,104.117492676
5536,103.694923401
5540,93.7845611572
5547,94.5456771851
5548,112.490028381
5550,78.8248977661
5551,93.9122314453
5554,112.09186554
5555,94.6034545898
5559,112.416389465
5560,94.1401977539
5561,112.28742218
5562,93.6440963745
5563,112.762466431
5565,78.9727478027
5566,94.4317779541
5567,103.82183075
5568,94.686416626
5572,94.5789794922
5574,94.8731155396
5576,94.0797576904
5579,112.219367981
5580,78.5057678223
5581,94.4451065063
5583,94.507194519
5584,112.515319824
5586,112.633682251
5587,95.3315124512
5589,102.372398376
5591,103.291809082
5592,94.0196685791
5593,113.066070557
5594,94.7461395264
5595,79.2923660278
5596,113.048171997
5597,112.652145386
5598,116.15562439
5599,94.444442749
5602,112.738922119
5603,94.7461395264
5605,93.5239486694
5607,94.1644134521
5608,112.419219971
5609,94.054359436
5610,93.735786438
5612,94.0116729736
5613,112.92263031
5614,94.1504745483
5616,94.2271499634
5621,94.9750366211
5623,94.5807495117
5628,113.162406921
5629,94.0811157227
5631,94.3192443848
5633,105.176361084
5638,104.697555542
5639,95.7294921875
5640,104.584213257
5645,94.2532958984
5646,78.9795150757
5649,94.5466461182
5653,112.395095825
5655,112.677406311
5656,94.8148803711
5658,94.8179397583
5662,116.355453491
5663,93.6015930176
5667,93.9101638794
5670,94.444442749
5671,102.317222595
5672,94.6877746582
5673,104.08379364
5674,94.4273147583
5675,103.477149963
5676,94.7094192505
5679,113.048171997
5683,112.442138672
5687,94.6449050903
5688,78.7939300537
5690,94.3580474854
5691,112.633682251
5692,93.8677902222
5693,111.798652649
5694,94.5238037109
5697,112.515319824
5698,93.5251312256
5699,113.048171997
5704,94.7831344604
5707,113.386863708
5709,103.67565155
5710,94.7831344604
5714,94.5919876099
5718,94.6647720337
5721,94.9641647339
5723,94.8458862305
5724,113.721595764
5725,94.6519851685
5726,112.874519348
5729,95.5108032227
5730,104.890655518
5731,94.7279586792
5733,79.1326217651
5736,94.61302948
5741,104.191452026
5745,112.828720093
5747,95.4078521729
5748,104.712287903
5750,112.854011536
5751,94.5748596191
5752,94.6229476929
5754,94.1957473755
5755,94.8834609985
5757,95.0544052124
5758,116.667854309
5760,104.32219696
5762,103.760665894
5766,112.647644043
5768,95.5108032227
5769,116.929779053
5770,94.555770874
5771,112.84122467
5772,94.2696685791
5773,112.541984558
5774,96.6016082764
5776,94.0989303589
5777,113.386863708
5778,94.6597671509
5780,113.298492432
5782,93.8797683716
5783,78.5071105957
5784,95.4962692261
5786,95.4717254639
5788,94.6570358276
5789,113.059082031
5790,94.7279586792
5791,104.41116333
5793,105.078094482
5794,94.7279586792
5796,116.650726318
5797,94.6095962524
5801,94.5157089233
5803,94.9835968018
5804,112.84122467
5805,94.3503646851
5806,79.2187652588
5808,112.828720093
5813,94.7831344604
5815,95.0077819824
5816,104.950263977
5822,95.9149246216
5823,113.386863708
5825,104.502853394
5827,112.805923462
5829,102.711090088
5830,94.865447998
5831,112.809761047
5832,94.5904159546
5833,112.759025574
5837,113.486579895
5838,94.5699157715
5839,95.1709518433
5842,104.853210449
5844,112.818572998
5845,103.797012329
5846,113.137512207
5848,79.1490707397
5850,112.902679443
5851,94.6904449463
5853,95.4411087036
5854,103.823677063
5858,104.274536133
5860,112.373779297
5864,103.326133728
5866,94.7904052734
5867,112.973609924
5868,94.0408248901
5869,112.205657959
5870,93.8378448486
5871,112.598106384
5874,112.367744446
5876,112.459220886
5877,92.9659118652
5878,93.5914764404
5879,112.180366516
5880,93.6696472168
5884,93.8903656006
5886,111.86631012
5890,102.286071777
5896,94.3151397705
5897,103.220054626
5898,95.0428085327
5901,104.127197266
5903,112.973609924
5906,93.6064834595
5908,112.973609924
5909,94.1039428711
5910,112.612968445
5911,94.2289962769
5912,112.745651245
5914,112.367744446
5919,112.973609924
5924,94.6336669922
5926,94.7312698364
5929,103.775314331
5930,94.3339080811
5932,95.0282745361
5933,112.394577026
5934,94.341835022
5935,112.150482178
5936,93.8040847778
5937,112.443878174
5938,94.717010498
5939,111.861373901
5942,111.511772156
5943,94.3151397705
5944,104.355072021
5946,112.918434143
5951,93.722038269
5953,103.182006836
5954,94.3151397705
5957,104.242301941
5961,94.2962188721
5962,104.675674438
5964,79.1247329712
5965,94.5980834961
5968,112.367744446
5969,94.0171356201
5974,93.7938613892
5975,112.155929565
5978,78.7507705688
5981,104.242301941
5982,95.309211731
5983,115.136154175
5989,112.323799133
5991,94.4163742065
5992,104.024139404
5995,94.8432540894
5996,103.220054626
5997,112.167915344
5998,93.618888855
5999,78.2332077026
6001,112.10093689
6002,95.1844329834
6003,111.528091431
6004,94.3151397705
6006,112.494277954
6007,94.4253845215
6011,102.908088684
6012,103.643318176
6014,94.2289962769
6015,103.360389709
6016,94.5571136475
6017,112.083503723
6018,95.0428085327
6024,94.580116272
6025,104.089065552
6026,113.20980072
6028,112.355476379
6029,78.6646270752
6030,94.1167297363
6036,112.367744446
6040,93.9520645142
6041,112.306892395
6042,94.2867660522
6044,94.2751541138
6045,103.762809753
6047,103.950187683
6048,94.1297988892
6049,112.237876892
6051,116.026321411
6052,112.542312622
6053,93.3684463501
6054,112.380531311
6058,104.488296509
6059,94.6471633911
6062,94.9270401001
6063,116.081497192
6064,104.065361023
6065,93.9520645142
6067,94.3970031738
6068,112.324020386
6070,103.60369873
6071,103.728630066
6072,111.86631012
6080,111.86631012
6081,94.1967773438
6084,104.559906006
6087,94.4706420898
6089,104.12752533
6092,111.86631012
6094,94.0722198486
6095,112.973609924
6097,113.549194336
6100,94.3157730103
6104,104.156578064
6105,93.9538574219
6106,112.1067276
6107,78.7781906128
6108,94.3179550171
6109,111.86631012
6110,94.2350921631
6114,111.86631012
6116,93.6034851074
6117,104.079315186
6118,94.6886367798
6123,78.5205688477
6125,112.973609924
6128,112.406135559
6130,103.326133728
6132,112.29410553
6137,78.4193344116
6139,112.816894531
6140,94.1797103882
6141,113.549194336
6142,103.739585876
6144,109.70879364
6145,94.8483276367
6146,93.9942169189
6149,93.8940811157
6156,94.3726730347
6159,113.073242188
6160,94.1797103882
6162,103.456993103
6164,112.303527832
6165,94.1502914429
6168,78.3641586304
6169,112.180366516
6170,94.743812561
6171,112.224121094
6172,93.3011627197
6173,115.072746277
6176,95.0428085327
6177,92.9648208618
6178,94.9789123535
6180,94.2852249146
6181,103.762809753
6182,93.9610290527
6185,94.1726303101
6186,112.205657959
6188,112.137695312
6189,94.6710891724
6192,104.559906006
6193,94.3151397705
6194,103.762809753
6195,93.9152679443
6196,115.389755249
6197,93.8526229858
6201,112.306892395
6202,93.8242645264
6203,112.425254822
6204,93.9538574219
6207,116.593292236
6209,94.0087890625
6210,93.1610336304
6211,112.443878174
6213,112.306892395
6216,93.1999282837
6217,94.1427154541
6219,93.9520645142
6222,78.7507705688
6223,94.3024749756
6235,94.9270401001
6240,94.186706543
6242,93.8664550781
6247,94.2980117798
6251,112.192871094
6254,112.772544861
6255,94.5063858032
6260,103.051841736
6261,94.2289962769
6262,104.765869141
6264,112.272850037
6269,103.760055542
6271,104.05027771
6275,112.395256042
6276,94.6284179688
6278,94.2962188721
6279,112.180366516
6281,112.889938354
6284,93.9557800293
6286,95.2361907959
6287,78.0914001465
6288,94.4309234619
6292,94.1754379272
6293,93.8526229858
6295,93.6427307129
6298,112.745651245
6300,112.045761108
6304,103.762809753
6308,112.32333374
6310,94.6612701416
6312,111.86631012
6320,94.2599639893
6324,93.9747009277
6325,112.205657959
6330,94.7371139526
6336,112.167915344
6340,104.05027771
6341,94.9270401001
6342,103.14289856
6344,93.9763946533
6345,112.425254822
6347,112.180366516
6348,94.3564300537
6349,112.745651245
6351,78.8520050049
6353,111.912788391
6354,93.8526229858
6357,94.4767913818
6358,103.848953247
6360,103.426025391
6363,113.033103943
6364,93.4236221313
6368,112.706100464
6370,94.0027084351
6371,94.3151397705
6377,94.4018707275
6379,93.623550415
6381,94.3010635376
6382,78.8520050049
6383,112.180366516
6388,111.864784241
6390,111.748046875
6392,102.13243103
6393,94.813583374
6395,94.2450942993
6398,103.617919922
6401,78.7507705688
6402,94.6173171997
6403,112.511734009
6405,94.3040847778
6406,93.790763855
6407,112.973609924
6409,103.950187683
6411,93.2358779907
6413,94.671043396
6416,104.658691406
6417,93.9374771118
6418,93.6363754272
6419,115.331504822
6420,111.191741943
6426,111.583198547
6429,93.7600326538
6430,94.1890945435
6431,111.501304626
6432,93.9379196167
6434,93.9960632324
6437,111.357315063
6438,94.7465820312
6439,102.834953308
6440,94.4336776733
6441,94.6657714844
6442,110.855880737
6443,96.5305099487
6445,94.8689880371
6448,111.963180542
6450,111.220672607
6453,94.6948623657
6455,93.7017364502
6457,93.088142395
6458,111.431869507
6461,93.8145904541
6464,111.001777649
6467,93.8094863892
6469,94.1247329712
6470,78.2964935303
6471,93.2314910889
6473,102.608329773
6474,93.3117446899
6479,93.3847122192
6481,93.8386383057
6484,110.442932129
6495,94.8656768799
6496,111.444007874
6505,111.234115601
6506,94.352104187
6508,94.0945892334
6509,93.7210006714
6510,103.528297424
6512,103.94480896
6513,93.5224456787
6514,111.031593323
6515,93.422088623
6519,93.8694610596
6521,93.2384872437
6523,78.3221817017
6525,104.163276672
6526,93.5035247803
6528,93.7955932617
6529,111.740447998
6531,103.618972778
6533,104.231452942
6534,93.8833999634
6535,111.744369507
6536,92.4421005249
6537,111.510787964
6540,93.6327362061
6541,111.00630188
6547,93.448348999
6548,111.193778992
6551,111.233924866
6553,111.195541382
6555,104.317596436
6556,93.9788208008
6561,78.4785919189
6564,92.5127105713
6565,111.744369507
6568,93.7574157715
6569,110.692245483
6573,103.815200806
6574,93.7518539429
6577,111.01890564
6579,113.352012634
6581,93.0689163208
6582,111.438903809
6585,104.112449646
6586,93.6514968872
6589,103.692565918
6590,78.3773574829
6593,93.4361801147
6594,110.934799194
6595,93.5920333862
6599,92.9668273926
6600,93.5529174805
6601,111.528015137
6602,92.4122085571
6603,111.799545288
6604,93.7955932617
6607,103.269851685
6608,103.476844788
6609,93.329536438
6611,93.3126296997
6613,110.692245483
6614,93.5500183105
6616,92.9322738647
6617,110.692245483
6618,93.5224456787
6619,102.789031982
6621,104.317596436
6627,103.42780304
6629,110.447792053
6631,78.3773574829
6634,93.8839035034
6636,93.5224456787
6638,93.7574157715
6639,110.692245483
6641,111.799545288
6642,93.9938354492
6651,113.385536194
6654,78.5439910889
6657,94.1386795044
6663,92.7467269897
6665,110.415763855
6666,93.9599914551
6668,93.5224456787
6669,103.983222961
6670,93.8082809448
6671,93.6370773315
6673,93.7771148682
6675,92.7939147949
6676,78.4785919189
6677,93.7946395874
6679,93.6840667725
6680,111.050056458
6681,102.826782227
6685,102.826782227
6688,93.9385757446
6689,93.5920333862
6690,110.450836182
6692,110.692245483
6693,94.1983413696
6694,93.3668212891
6698,115.568214417
6699,92.9484558105
6700,110.642715454
6701,92.6582641602
6702,110.032485962
6704,93.5920333862
6707,110.709747314
6712,111.376411438
6713,94.381652832
6715,93.1556396484
6721,110.428894043
6722,92.9484558105
6723,110.793548584
6724,94.0662689209
6725,115.452445984
6731,110.793548584
6735,95.6915969849
6736,93.1006164551
6737,103.947303772
6738,93.8429412842
6739,102.573287964
6741,102.816696167
6743,93.2944564819
6745,93.4122467041
6747,110.354423523
6749,92.965965271
6750,102.659561157
6751,115.370979309
6752,98.1254425049
6753,110.158912659
6755,114.425598145
6756,93.135269165
6757,102.473236084
6759,110.674789429
6761,92.8437271118
6763,93.1212921143
6764,115.318962097
6765,93.0525665283
6766,110.367210388
6768,110.786880493
6771,93.4818344116
6773,93.2015457153
6774,93.5000534058
6778,102.348213196
6779,93.7066955566
6781,92.0783157349
6784,93.2166290283
6786,93.4818344116
6787,110.440849304
6790,93.0854568481
6793,102.961105347
6795,110.158912659
6798,110.837562561
6806,103.601119995
6807,93.5000534058
6810,93.2655792236
6815,110.157157898
6816,93.1435089111
6817,101.619636536
6818,93.2567214966
6819,102.605125427
6820,93.5000534058
6822,93.0743331909
6823,115.252616882
6824,110.472969055
6825,93.3827514648
6828,77.6567382812
6829,110.370643616
6831,110.363723755
6832,92.4277267456
6833,111.03352356
6834,93.1212921143
6836,94.6975402832
6837,111.266212463
6838,92.5065002441
6840,102.193786621
6843,92.3020095825
6845,92.3020095825
6846,92.5525894165
6847,110.580238342
6851,110.780860901
6852,93.5002288818
6853,111.01260376
6858,93.6656799316
6861,110.854690552
6863,111.104881287
6864,77.9357223511
6865,93.2975311279
6866,111.211036682
6867,94.0838394165
6868,102.904960632
6869,93.2567214966
6870,110.472969055
6874,110.071014404
6875,93.1956863403
6877,110.671112061
6878,93.1687698364
6880,93.4122467041
6883,110.363845825
6884,93.3230438232
6886,93.7882385254
6890,93.7395935059
6893,110.4478302
6894,93.1986846924
6899,110.671112061
6900,93.0675354004
6904,93.2266693115
6905,110.367210388
6906,92.3798294067
6910,92.5563354492
6912,102.60320282
6913,111.797622681
6920,92.7147216797
6922,93.4683456421
6923,110.158912659
6926,94.1680145264
6927,110.316680908
6928,92.7377624512
6931,110.526245117
6933,93.1386260986
6936,94.3454360962
6937,111.266212463
6939,111.544570923
6941,93.3805999756
6942,113.084510803
6943,93.5115890503
6944,101.698974609
6945,93.6853942871
6946,110.118377686
6947,115.307792664
6949,102.605125427
6951,102.579727173
6953,111.554405212
6954,92.8519897461
6955,110.687179565
6963,110.605049133
6964,93.7992019653
6966,93.5677490234
6968,92.7089996338
6970,102.417747498
6972,113.14666748
6976,110.769470215
6978,111.211036682
6981,101.9190979
6985,102.659561157
6986,93.1069564819
6987,110.019165039
6989,110.674980164
6991,115.252616882
6993,112.124954224
6994,94.3908920288
6995,110.671112061
6996,93.7616729736
6997,110.660346985
6998,78.099822998
7001,110.706283569
7003,111.672767639
7006,93.6853942871
7008,101.106277466
7010,92.4032440186
7011,92.8639373779
7012,111.560180664
7013,92.7183303833
7014,110.485572815
7017,102.122596741
7018,93.5134811401
7019,92.3020095825
7023,93.6853942871
7024,101.915382385
7025,93.0832977295
7026,110.799514771
7027,92.8945846558
7028,111.995429993
7030,110.158912659
7031,93.2680664062
7033,110.867378235
7036,93.135269165
7037,93.1725082397
7039,93.3668136597
7044,94.7606964111
7045,111.266212463
7046,96.6948623657
7049,103.326858521
7050,93.8064804077
7051,102.417747498
7054,110.425010681
7055,93.5246047974
7057,93.4122467041
7060,110.671112061
7061,93.9843902588
7063,92.1795501709
7064,110.367210388
7067,93.4122467041
7071,92.6906585693
7074,102.206344604
7075,93.2978134155
7078,111.266212463
7079,93.4818344116
7080,110.917358398
7081,93.6579284668
7082,111.266212463
7083,92.9868469238
7085,111.547401428
7092,102.605125427
7094,93.3381500244
7100,93.0859985352
7101,110.842834473
7102,111.211036682
7104,110.179344177
7105,93.9843902588
7106,93.1977844238
7107,101.678482056
7108,77.2757720947
7109,93.1411743164
7110,111.266212463
7112,93.5542449951
7113,102.417747498
7114,93.4803390503
7116,111.211036682
7117,93.8686218262
7118,102.204208374
7120,93.2745132446
7121,102.036453247
7123,102.195655823
7124,94.3018035889
7127,105.643173218
7131,102.195655823
7132,93.2567214966
7133,92.3020095825
7134,110.532516479
7135,93.4818344116
7136,110.690261841
7137,92.6455078125
7141,93.2811813354
7144,102.605125427
7147,110.498260498
7148,92.5677490234
7150,92.4958877563
7151,93.2745132446
7152,102.083137512
7154,93.1569366455
7156,93.3961639404
7157,101.583328247
7159,115.307792664
7161,94.1247329712
7163,93.2466506958
7164,101.444526672
7167,78.2119827271
7169,102.116912842
7170,93.2745132446
7173,93.5034103394
7174,102.085945129
7177,110.498260498
7178,102.530563354
7179,93.2466506958
7180,78.4112625122
7181,110.472969055
7182,94.0668258667
7184,93.4122467041
7185,110.660346985
7186,91.5625610352
7187,113.705833435
7188,92.9378433228
7189,111.203643799
7191,102.362998962
7193,110.706283569
7197,95.5437698364
7199,92.5511932373
7200,111.266212463
7201,93.4818344116
7204,93.0675354004
7207,110.367210388
7209,111.104881287
7210,93.3579559326
7211,102.895568848
7213,93.4488525391
7214,110.660346985
7216,110.660346985
7217,93.6896362305
7220,110.671112061
7224,110.158912659
7225,93.631072998
7226,110.660346985
7227,93.2978134155
7234,110.660346985
7236,96.250541687
7239,102.471260071
7240,92.8379821777
7242,113.407188416
7244,110.57220459
7245,92.2813568115
7247,109.990119934
7248,92.9749908447
7249,115.423561096
7250,110.530479431
7251,93.9650344849
7252,110.977455139
7253,77.9357223511
7256,93.6416549683
7260,92.510055542
7261,110.951652527
7264,92.9717330933
7269,111.738494873
7270,92.7729187012
7273,110.671112061
7279,92.0566864014
7281,110.472969055
7284,92.7166671753
7285,111.111473083
7286,115.4090271
7287,92.0163345337
7289,92.8010101318
7292,92.052734375
7293,111.266212463
7296,93.9360427856
7297,110.556617737
7298,91.4911727905
7299,110.598518372
7301,101.710777283
7304,110.299247742
7306,117.729911804
7308,92.8010101318
7309,100.275543213
7312,92.1837844849
7313,77.4846954346
7314,93.1449050903
7316,93.5281295776
7319,113.702148438
7321,93.0894546509
7323,92.5890808105
7324,102.195655823
7325,93.1714477539
7328,102.159301758
7330,77.7299880981
7334,93.1714477539
7337,110.660346985
7338,93.5581893921
7339,92.7578430176
7341,92.3637542725
7342,110.660346985
7344,110.618469238
7345,110.493743896
7347,110.474197388
7349,110.472969055
7350,93.0732040405
7353,110.865692139
7355,110.559211731
7356,92.9565124512
7357,110.982955933
7358,93.0296630859
7360,92.0802383423
7363,103.032020569
7364,92.9104614258
7366,93.1330337524
7368,93.0741577148
7369,110.430702209
7370,92.5748443604
7373,93.0192871094
7374,110.4478302
7375,92.6639938354
7377,92.6632766724
7379,92.2729721069
7380,114.828399658
7382,111.009880066
7383,93.0192871094
7385,92.7820892334
7386,102.834259033
7391,94.0954284668
7394,107.839263916
7396,110.530479431
7397,93.3044586182
7399,92.6632766724
7400,102.486862183
7403,77.3985519409
7405,110.678184509
7408,110.144470215
7414,111.222976685
7416,101.995246887
7417,91.9492263794
7419,92.7089767456
7420,110.630867004
7421,92.6017684937
7422,92.8552856445
7423,102.945877075
7425,77.8161315918
7430,92.8333206177
7432,93.5567779541
7433,92.6906356812
7434,110.392654419
7436,110.079696655
7437,92.3708267212
7438,102.172088623
7440,102.78604126
7441,92.7594070435
7442,110.604118347
7445,110.485572815
7446,102.260536194
7448,109.791236877
7450,102.372840881
7451,92.7148666382
7454,110.455657959
7455,92.1242294312
7457,110.509376526
7459,102.159301758
7462,92.5874481201
7464,92.7148666382
7465,109.695053101
7466,92.819732666
7467,110.797645569
7469,111.025085449
7472,93.7796554565
7473,110.158912659
7479,93.1714477539
7480,102.605125427
7484,110.81098175
7491,92.7467193604
7494,103.395874023
7495,92.7269134521
7501,92.23097229
7503,92.6543426514
7504,102.417747498
7505,93.0741577148
7508,110.837562561
7509,92.2724304199
7510,77.4846954346
7511,111.234794617
7515,93.2482910156
7516,102.750358582
7517,93.0740585327
7518,103.140739441
7519,92.5903091431
7521,93.131111145
7522,102.51940918
7524,102.403396606
7526,102.501396179
7527,93.0189819336
7528,101.8671875
7529,93.0189819336
7534,109.911270142
7537,110.729667664
7538,93.1863632202
7540,92.5372848511
7541,110.854690552
7545,110.472969055
7551,111.797622681
7553,93.2171401978
7554,102.166725159
7555,93.0740585327
7561,110.854690552
7562,92.9133682251
7564,91.9511489868
7565,103.087585449
7566,92.6081008911
7567,110.752212524
7569,100.778579712
7570,93.0463562012
7571,113.13886261
7572,92.3367767334
7574,102.269859314
7578,110.620689392
7579,92.3466110229
7586,91.8996124268
7587,78.641204834
7590,92.7467193604
7593,110.158912659
7594,92.4496612549
7595,92.6081008911
7600,91.9965286255
7601,78.3921966553
7602,92.2407531738
7603,110.961914062
7604,91.9413528442
7606,92.6567306519
7608,111.797622681
7613,77.5859298706
7615,110.619247437
7616,110.294158936
7617,112.620079041
7618,93.0189819336
7619,102.417747498
7622,92.5970153809
7623,101.8671875
7624,93.0741577148
7625,102.416877747
7626,93.1619644165
7627,102.193786621
7628,76.8888702393
7631,102.408454895
7632,102.417747498
7633,92.9751052856
7634,118.810562134
7635,92.4747619629
7636,110.660346985
7637,110.660346985
7639,92.1275787354
7640,77.8161315918
7644,111.266212463
7645,92.124206543
7648,102.44871521
7649,92.2313537598
7650,110.472969055
7652,109.695053101
7653,92.913848877
7655,92.8266906738
7659,110.72354126
7662,94.6558151245
7664,92.8705978394
7666,94.2494354248
7668,92.4378890991
7669,111.073562622
7670,92.4190979004
7672,93.1375045776
7673,110.430702209
7678,92.0342712402
7679,78.0390930176
7680,103.120895386
7683,91.6907730103
7685,115.4090271
7688,92.9022445679
7690,110.1929245
7692,92.6454849243
7693,93.3230819702
7695,110.660346985
7696,92.7820892334
7698,92.9040679932
7699,110.472969055
7702,92.9354095459
7703,110.660346985
7704,93.0740585327
7707,111.234794617
7713,77.2670440674
7715,101.741264343
7717,109.244628906
7718,92.1741638184
7719,101.872413635
7721,110.428543091
7722,92.8829803467
7725,100.210884094
7727,102.326515198
7730,77.2865371704
7733,91.8685379028
7735,101.149887085
7740,110.015975952
7741,110.174591064
7742,92.3946380615
7744,110.151603699
7747,92.0825424194
7750,77.3682785034
7752,110.374458313
7754,110.338096619
7756,103.419898987
7757,91.9447097778
7758,103.073120117
7760,102.306213379
7761,92.0189056396
7763,110.382286072
7765,92.5125427246
7767,110.015975952
7768,92.1005554199
7771,91.8449783325
7773,91.3836669922
7774,110.38684082
7776,102.481712341
7779,91.9276580811
7783,91.8518295288
7786,103.128547668
7787,92.0646057129
7789,91.8827514648
7791,92.4297866821
7793,97.8083648682
7794,110.159736633
7795,92.2087554932
7799,77.0368423462
7800,109.897529602
7802,92.3722763062
7805,108.878868103
7807,100.229492188
7808,92.5419158936
7811,102.377227783
7817,109.267707825
7818,102.444770813
7819,92.0704956055
7822,91.7192993164
7823,110.088989258
7825,110.559272766
7828,92.6235122681
7832,91.8656845093
7833,77.2670440674
7834,109.556343079
7835,92.3376693726
7837,91.9637298584
7840,91.036857605
7842,92.1246795654
7843,109.905433655
7844,92.1566390991
7846,92.0189056396
7850,91.8497467041
7853,110.621841431
7855,111.584159851
7858,92.1395111084
7863,110.079170227
7865,110.621841431
7866,91.777305603
7868,91.4282608032
7869,110.149177551
7871,77.2118682861
7872,101.711448669
7874,101.810722351
7877,109.790985107
7878,91.4798355103
7879,109.822898865
7881,92.1872940063
7883,92.1249313354
7885,101.707733154
7886,92.572769165
7889,92.9269561768
7890,102.276931763
7891,91.8872680664
7893,92.922164917
7894,101.176727295
7896,110.499992371
7898,101.415687561
7901,91.9608154297
7902,109.277435303
7904,110.872749329
7905,91.385093689
7906,118.181228638
7909,92.1566390991
7910,101.684616089
7913,92.1566162109
7918,110.40737915
7919,92.0559158325
7923,93.2364730835
7925,92.0189056396
7927,91.650100708
7930,92.4544067383
7932,92.6585693359
7933,91.5764465332
7935,91.5682907104
7939,101.648109436
7942,91.9522171021
7943,110.710479736
7945,101.931030273
7946,92.4297866821
7948,97.8945083618
7949,109.514541626
7950,92.3946380615
7951,110.015975952
7955,102.145011902
7959,92.2660903931
7960,110.015975952
7961,91.8726806641
7962,101.979324341
7964,101.792770386
7965,92.4023208618
7966,110.621841431
7967,101.556022644
7968,92.9628295898
7971,102.040855408
7974,92.0559158325
7976,110.098823547
7978,109.71005249
7982,110.015975952
7983,92.1566390991
7984,101.960754395
7986,92.4565811157
7989,109.514541626
7991,109.277435303
7992,109.267875671
7993,91.9570465088
7994,110.566665649
7995,91.8656845093
7997,92.1376571655
7998,101.960754395
7999,109.267707825
8002,91.9171142578
8007,92.6780471802
8009,91.9214706421
8011,92.643699646
8013,91.9880905151
8015,101.741256714
8017,110.454414368
8019,114.499984741
8023,91.8827514648
8024,110.015975952
8026,110.056221008
8027,91.8210678101
8029,91.9910430908
8030,110.016075134
8031,92.2272186279
8033,96.5961456299
8035,92.5270767212
8036,102.227592468
8039,102.388633728
8042,91.4979629517
8044,92.3852462769
8046,77.5979003906
8048,109.941131592
8049,91.385093689
8050,101.686080933
8053,92.3874282837
8054,91.9518280029
8059,91.3521575928
8061,91.7203598022
8062,109.958778381
8064,109.940597534
8066,101.916236877
8067,91.8217773438
8068,91.9792404175
8070,93.1147613525
8071,110.621841431
8072,92.7096557617
8076,92.392616272
8080,92.0714263916
8081,110.397666931
8084,101.160423279
8087,110.116783142
8089,91.355796814
8090,114.035125732
8091,102.189849854
8094,112.076278687
8100,92.0848007202
8101,92.7586975098
8110,92.4386444092
8111,109.277435303
8112,92.9700317383
8115,112.09034729
8116,92.0911407471
8118,109.940597534
8121,114.659172058
8125,109.182792664
8127,109.786026001
8128,92.237663269
8129,109.176200867
8131,92.0068588257
8138,92.5310211182
8139,101.335227966
8140,91.3521575928
8141,91.3836669922
8142,109.890960693
8143,109.757522583
8145,110.056221008
8146,93.0785140991
8148,110.195838928
8153,110.210319519
8154,93.2863464355
8155,111.523872375
8161,97.4174499512
8162,109.798713684
8163,91.7233428955
8166,109.655860901
8168,110.210319519
8170,92.6235122681
8172,109.277435303
8173,92.0559158325
8176,101.960754395
8179,91.8606796265
8181,91.9637298584
8182,114.499984741
8184,109.890960693
8190,102.306213379
8191,92.4994125366
8194,110.473060608
8196,110.913009644
8198,110.311553955
8199,110.566665649
8201,110.64364624
8202,91.4832077026
8207,92.4023208618
8208,109.176200867
8211,110.210319519
8214,109.384765625
8217,92.0480575562
8218,109.897529602
8222,92.3682556152
8229,103.007644653
8231,92.2272186279
8233,92.8717803955
8236,92.1150360107
8238,110.015975952
8240,100.651184082
8243,102.272712708
8246,109.574623108
8250,92.4289855957
8254,92.8829803467
8256,77.1809005737
8257,109.179824829
8258,92.1377029419
8260,92.2578735352
8261,110.152648926
8263,111.991943359
8264,91.8193664551
8267,109.685096741
8268,92.1386413574
8271,91.5147171021
8272,109.176200867
8275,93.195098877
8276,92.4024200439
8277,102.286659241
8278,114.398750305
8279,93.188873291
8280,109.629920959
8281,92.572769165
8282,109.179824829
8287,110.631141663
8288,92.0559158325
8289,110.311264038
8294,91.8852005005
8296,91.5710449219
8299,110.299385071
8302,101.960754395
8308,109.60042572
8314,101.979324341
8315,91.9446105957
8316,110.327957153
8317,92.6780471802
8319,115.835960388
8320,91.1416854858
8321,116.472267151
8323,92.1112060547
8325,91.5810623169
8326,110.085296631
8328,109.277435303
8330,109.897529602
8331,91.8966522217
8332,117.625793457
8334,92.3746109009
8338,91.8094863892
8339,92.572769165
8341,91.9995880127
8345,110.566665649
8346,91.9637298584
8347,101.610214233
8349,92.4297866821
8351,97.4174499512
8352,111.358200073
8353,109.277435303
8355,109.883613586
8358,109.267707825
8359,109.763916016
8360,93.8441162109
8361,110.255691528
8363,102.110374451
8364,94.0102767944
8365,94.1758728027
8366,104.006492615
8370,109.757095337
8372,91.6683654785
8376,92.9775161743
8377,109.811286926
8379,109.702346802
8380,93.3083190918
8381,110.652503967
8386,91.37550354
8388,101.615501404
8389,92.6232223511
8391,110.525283813
8394,93.9157867432
8396,103.050140381
8398,102.614479065
8400,113.632324219
8401,92.1417922974
8404,92.9563827515
8407,93.1677093506
8408,113.018508911
8409,109.972297668
8410,102.681030273
8411,93.0680236816
8413,93.1651077271
8414,110.914733887
8416,92.3089523315
